"Time","Coverage"
"8 Minutes",5.20642065983534
"10 Minutes",7.72966889770775
"12 Minutes",10.7623052774981
