"Time","Coverage"
"8 Minutes",2.61801812474086
"10 Minutes",5.20049754190606
"12 Minutes",7.48089794467808
