"Time","Coverage"
"8 Minutes",6.65758455250844
"10 Minutes",8.73659894568501
"12 Minutes",10.0870698335604
