"Time","Coverage"
"8 Minutes",50.8085055973464
"10 Minutes",65.6577622460463
"12 Minutes",75.8988331457679
