"Time","Coverage"
"8 Minutes",6.86489368003317
"10 Minutes",10.3417639045193
"12 Minutes",13.2559379257241
