"Time","Coverage"
"10 Minutes",34.6976248297104
"15 Minutes",54.6407628975893
