"Time","Coverage"
"10 Minutes",9.20452526209797
"15 Minutes",22.8040040277202
