"Time","Coverage"
"10 Minutes",21.9866137534798
"15 Minutes",39.1518095125274
