"Time","Coverage"
"10 Minutes",23.5858555943849
"15 Minutes",43.7066872001422
