"Time","Coverage"
"10 Minutes",18.8058994254576
"15 Minutes",34.3600071077415
