"Time","Coverage"
"10 Minutes",18.5748978262157
"15 Minutes",37.2386424213706
