"Time","Coverage"
"10 Minutes",22.6618491974175
"15 Minutes",42.9840668127702
