"Time","Coverage"
"10 Minutes",61.8847361250963
"15 Minutes",87.5969910560919
