"Time","Coverage"
"8 Minutes",15.299413611325
"10 Minutes",22.4960018953977
"12 Minutes",29.2187407451282
