"Time","Coverage"
"10 Minutes",7.8244387845762
"15 Minutes",11.2539240656281
