"Time","Coverage"
"10 Minutes",15.1750281348102
"15 Minutes",31.9315287567375
