"Time","Coverage"
"8 Minutes",6.78789314695256
"10 Minutes",12.9183202037553
"12 Minutes",21.4890718474205
