"Time","Coverage"
"8 Minutes",5.95273351892436
"10 Minutes",8.28051886513061
"12 Minutes",11.3842326600723
