"Time","Coverage"
"8 Minutes",2.34555469999408
"10 Minutes",4.39495350352426
"12 Minutes",8.8728306580584
