"Time","Coverage"
"8 Minutes",15.044719540366
"10 Minutes",19.433749925961
"12 Minutes",23.9116270804952
