"Time","Coverage"
"10 Minutes",22.7862346739324
"15 Minutes",40.3601255701001
