"Time","Coverage"
"10 Minutes",20.0319848368181
"15 Minutes",44.6070011253924
