"Time","Coverage"
"10 Minutes",17.5738908961677
"15 Minutes",32.7607652668365
