"Time","Coverage"
"10 Minutes",23.4081620565065
"15 Minutes",40.7451282355032
