"Time","Coverage"
"10 Minutes",21.3706094888349
"15 Minutes",41.402594325653
