"Time","Coverage"
"10 Minutes",9.28152579517858
"15 Minutes",21.6726885032281
