"Time","Coverage"
"10 Minutes",20.6006041580288
"15 Minutes",35.6453236983948
