"Time","Coverage"
"10 Minutes",8.72475270982645
"15 Minutes",13.9904045489546
