"Time","Coverage"
"10 Minutes",8.55298228987739
"15 Minutes",15.6429544512231
